year,local_excluded,nonlocal_with_provision,nonlocal_without_provision,nonlocal_total,all_agreements,percent_nonlocal_with_provision
1990,0,3,41,44,44,6.8182
1991,2,11,71,82,84,13.4146
1992,4,17,62,79,83,21.519
1993,5,18,70,88,93,20.4545
1994,1,16,76,92,93,17.3913
1995,1,11,53,64,65,17.1875
1996,1,12,54,66,67,18.1818
1997,2,15,55,70,72,21.4286
1998,1,9,57,66,67,13.6364
1999,4,7,75,82,86,8.5366
2000,2,9,51,60,62,15.0
2001,1,7,53,60,61,11.6667
2002,5,7,47,54,59,12.963
2003,2,11,40,51,53,21.5686
2004,2,12,34,46,48,26.087
2005,2,6,23,29,31,20.6897
2006,3,12,49,61,64,19.6721
2007,10,7,26,33,43,21.2121
2008,10,12,44,56,66,21.4286
2009,15,3,29,32,47,9.375
2010,3,5,24,29,32,17.2414
2011,5,7,41,48,53,14.5833
2012,6,5,52,57,63,8.7719
2013,8,11,24,35,43,31.4286
2014,32,7,45,52,84,13.4615
2015,24,8,38,46,70,17.3913
2016,38,4,37,41,79,9.7561
2017,47,5,26,31,78,16.129
2018,57,4,27,31,88,12.9032
2019,37,5,16,21,58,23.8095
2020,12,8,25,33,45,24.2424
2021,9,0,28,28,37,0.0
2022,6,3,28,31,37,9.6774
2023,15,2,61,63,78,3.1746
2024,15,6,41,47,62,12.766
2025,9,9,44,53,62,16.9811
